<?xml version="1.0" encoding="UTF-8"?>
<project-private xmlns="http://www.netbeans.org/ns/project-private/1">
    <editor-bookmarks xmlns="http://www.netbeans.org/ns/editor-bookmarks/2" lastBookmarkId="0"/>
    <open-files xmlns="http://www.netbeans.org/ns/projectui-open-files/2">
        <group>
            <file>file:/C:/xampp/htdocs/trad_help/results.php</file>
            <file>file:/C:/xampp/htdocs/trad_help/assets/js/custom.js</file>
            <file>file:/C:/xampp/htdocs/trad_help/src/SiteHelper.php</file>
            <file>file:/C:/xampp/htdocs/trad_help/src/Getdata.php</file>
            <file>file:/C:/xampp/htdocs/trad_help/src/StockAnalyzer.php</file>
        </group>
    </open-files>
</project-private>
